{"cameraMode":{"drawMode":0,"name":"Shaded","section":"Shading Mode"},"sceneLighting":true,"audioPlay":false,"sceneViewState":{"showFog":false,"showMaterialUpdate":false,"showSkybox":false,"showFlares":false,"showImageEffects":false,"showParticleSystems":false},"in2DMode":false,"pivot":{"x":0.358229398727417,"y":4.4436564445495609,"z":0.7900233268737793},"rotation":{"x":0.35871195793151858,"y":0.00700074527412653,"z":-0.002690392779186368,"w":0.9334182143211365},"size":7.705973148345947,"orthographic":false}