{"cameraMode":{"drawMode":0,"name":"Shaded","section":"Shading Mode"},"sceneLighting":false,"audioPlay":false,"sceneViewState":{"showFog":false,"showMaterialUpdate":false,"showSkybox":false,"showFlares":false,"showImageEffects":false,"showParticleSystems":false},"in2DMode":false,"pivot":{"x":0.11000001430511475,"y":3.680000066757202,"z":0.0},"rotation":{"x":0.33269956707954409,"y":0.10550360381603241,"z":-0.037486568093299869,"w":0.9363625645637512},"size":2.857884645462036,"orthographic":true}